EmpId,EmpAge,Dsc
7067009832460485604,,PT
7067009832460925410,,ST
7067009832461535244,,OT
7067009832461888938,42,SN
7067009832462288748,32,PT
7067009832462939903,46,SN
7067009832463491339,41,SN
7067009832463809921,62,SN
7067009832465116177,51,PT
7067009832465766350,59,SN
7067009832467116818,63,SN
7067009832467116821,42,SN
7067009832467473231,43,PT
7067009832468188326,48,PT
7067009832468188329,46,SN
7067009832468846601,36,SN
7067009832468846604,27,SN
7067009832470726106,42,SN
7067009832471546375,49,SN
7067009832473693131,32,SN
7067009832473693134,27,SN
7067009832473693137,32,SN
7067009832473693141,32,SN
7067009832474656797,44,SN
7067009832476003007,27,SN
7067009832476003111,63,SN
7067009832476003115,58,SN
7067009832476005678,42,PT
7067009832476633070,34,SN
7067009832476633078,38,SN
7067009832477208173,49,PT
7067009832477847253,58,SN
7067009832478470853,33,SN
7067009832478470858,43,SN
7067009832480554679,28,PT
7067009832481121131,55,SN
7067009832481664992,55,ST
7067009832481664997,41,OT
7067009832482247019,34,PT
7067009832482579083,24,SN
7067009832483168429,53,SN
7067009832483760801,39,SN
7067009832483777503,43,SN
7067009832486341942,38,OT
7067009832486884205,35,PT
7067009832487482365,32,SN
7067009832488833344,31,SN
7067009832488833348,31,OT
7067009832488833352,26,PT
7067009832489105652,64,SN
7067009832489419223,30,SN
7067009832490010347,36,PT
7067009832490010351,38,PT
7067009832490637596,49,PT
7067009832490637600,31,SN
7067009832491237547,27,SN
7067009832491879104,48,SN
7067009832492224834,52,SN
8826228436902095040,48,SN
8826228436902095059,30,SN
8826228436902095081,54,Othe
8826228436902095122,52,PT
8826228436902095129,47,Othe
8826228436902095137,33,SN
8826228436902095143,55,SN
8826228436902095163,55,SN
8826228436902095179,44,PT
8826228436902095196,44,OT
8826228436902095209,45,ST
8826228436902095217,51,SN
8826228436902095245,47,PT
8826228436902095285,47,SN
8826228436902095297,59,PT
8826228436902095385,39,SN
8826228436902095420,46,SN
8826228436902095545,62,Othe
8826228436902095595,58,OT
8826228436902095650,45,PT
8826228436902095672,39,SN
8826228436902095699,41,ST
8826228436902095717,55,SN
8826228436902095743,60,OT
8826228436902095745,64,PT
8826228436902095765,45,Othe
8826228436902095812,46,PT
8826228436902095838,49,PT
8826228436902095856,59,SN
8826228436902095862,70,SN
8826228436902095918,62,SN
8826228436902095944,49,SN
8826228436902095953,45,SN
8826228436902096047,67,SN
8826228436902096075,55,SN
8826228436902096081,53,SN
8826228436902096102,56,PT
8826228436902096109,61,SN
8826228436902096121,58,SN
8826228436902096134,59,SN
8826228436902096159,51,SN
8826228436902096204,44,PT
8826228436902096209,44,PT
8826228436902096307,54,OT
8826228436902096317,37,PT
8826228436902096353,39,SN
8826228436902096412,57,PT
8826228436902096451,66,SN
8826228436902096472,31,SN
8826228436902096490,79,SN
8826228436902096525,38,SN
8826228436902096559,31,OT
8826228436902096581,61,OT
8826228436902096603,48,SN
8826228436902096647,66,SN
8826228436902096699,53,OT
8826228436902096701,53,ST
8826228436902096745,44,PT
8826228436902096757,44,Othe
8826228436902096813,55,PT
8826228436902096824,42,SN
